detect T,t_detect,keypoints,descr T,t_extract,matches,t_match,ttc_camera,ttc_lidar,t_total,imgNumber
SHITOMASI,14.3195,1759,BRIEF,8.31744,1534,7.14073,14.6756,12.5156,29.7776,0001
SHITOMASI,19.5464,1820,BRIEF,10.5218,1564,7.84592,13.9717,12.6142,37.9142,0002
SHITOMASI,20.1106,1850,BRIEF,15.9355,1621,6.79461,9.73978,14.091,42.8407,0003
SHITOMASI,14.1288,1828,BRIEF,8.87738,1652,7.13774,14.982,16.6894,30.144,0004
SHITOMASI,16.8252,1806,BRIEF,8.62274,1621,7.50016,12.7628,15.9082,32.9481,0005
SHITOMASI,13.7541,1877,BRIEF,8.87467,1582,6.5024,13.2703,12.6787,29.1311,0006
SHITOMASI,19.8004,1894,BRIEF,10.3616,1609,8.04478,15.2664,11.9844,38.2068,0007
SHITOMASI,16.9984,1889,BRIEF,16.9694,1622,9.37667,12.0847,13.1241,43.3444,0008
SHITOMASI,13.4775,1917,BRIEF,8.73837,1621,6.87084,11.8703,13.0241,29.0867,0009
SHITOMASI,13.5854,1874,BRIEF,8.52173,1654,7.43691,12.6285,11.1746,29.5441,0010
SHITOMASI,16.0299,1912,BRIEF,8.91515,1608,7.41653,11.8507,12.8086,32.3616,0011
SHITOMASI,13.8277,1930,BRIEF,8.83333,1657,7.26341,11.7642,8.95978,29.9244,0012
SHITOMASI,14.1506,1881,BRIEF,8.92189,1654,6.05802,11.7197,9.96439,29.1305,0013
SHITOMASI,15.2747,1886,BRIEF,8.62375,1634,7.1452,11.3557,9.59863,31.0437,0014
SHITOMASI,18.7749,1957,BRIEF,9.19364,1640,7.42611,12.1983,8.57352,35.3946,0015
SHITOMASI,16.047,1888,BRIEF,8.85716,1707,7.6857,8.23961,9.51617,32.5898,0016
SHITOMASI,13.5733,1919,BRIEF,9.11021,1646,7.40814,11.1382,9.54658,30.0917,0017
SHITOMASI,17.204,2057,BRIEF,9.93321,1683,7.34809,8.43097,8.3988,34.4853,0018
SHITOMASI,15.6257,1759,ORB,9.4539,1517,6.21126,13.8743,12.5156,31.2909,0001
SHITOMASI,13.4799,1820,ORB,9.41426,1548,6.85749,11.0038,12.6142,29.7517,0002
SHITOMASI,17.5605,1850,ORB,9.46079,1598,6.79129,12.8155,14.091,33.8126,0003
SHITOMASI,13.5278,1828,ORB,9.88829,1628,7.72254,12.4814,16.6894,31.1386,0004
SHITOMASI,15.832,1806,ORB,9.40698,1603,7.65995,12.5187,15.9082,32.8989,0005
SHITOMASI,13.6803,1877,ORB,9.68325,1569,6.45983,13.2198,12.6787,29.8234,0006
SHITOMASI,15.5103,1894,ORB,9.51144,1585,6.85869,13.0506,11.9844,31.8804,0007
SHITOMASI,13.9615,1889,ORB,10.2373,1604,6.70641,11.8822,13.1241,30.9052,0008
SHITOMASI,13.6041,1917,ORB,9.48389,1602,5.94668,11.4134,13.0241,29.0347,0009
SHITOMASI,13.4575,1874,ORB,9.63564,1634,6.76286,13.9512,11.1746,29.856,0010
SHITOMASI,16.3574,1912,ORB,9.75938,1581,7.48672,11.5174,12.8086,33.6035,0011
SHITOMASI,13.7068,1930,ORB,9.5154,1630,6.33969,11.5712,8.95978,29.5619,0012
SHITOMASI,16.3373,1881,ORB,9.45353,1630,13.0078,11.6341,9.96439,38.7987,0013
SHITOMASI,13.6669,1886,ORB,9.42909,1612,6.5604,10.8747,9.59863,29.6564,0014
SHITOMASI,13.5887,1957,ORB,9.63105,1609,5.96059,10.266,8.57352,29.1803,0015
SHITOMASI,13.937,1888,ORB,9.40234,1676,5.91323,8.17853,9.51617,29.2526,0016
SHITOMASI,13.7433,1919,ORB,9.43859,1619,6.87257,9.68906,9.54658,30.0545,0017
SHITOMASI,16.4112,2057,ORB,9.83016,1660,7.48041,8.11259,8.3988,33.7217,0018
SHITOMASI,13.6644,1759,FREAK,61.1261,1563,7.40186,16.3505,12.5156,82.1923,0001
SHITOMASI,13.4641,1820,FREAK,61.0978,1586,7.07585,13.3128,12.6142,81.6378,0002
SHITOMASI,14.916,1850,FREAK,61.9922,1648,7.81593,11.4627,14.091,84.7241,0003
SHITOMASI,13.6282,1828,FREAK,64.4425,1685,8.30469,13.0422,16.6894,86.3754,0004
SHITOMASI,18.6421,1806,FREAK,78.5839,1649,8.52049,12.9056,15.9082,105.746,0005
SHITOMASI,16.6252,1877,FREAK,77.9267,1614,8.64534,14.6025,12.6787,103.197,0006
SHITOMASI,13.6246,1894,FREAK,67.7333,1649,7.84198,11.1458,11.9844,89.2,0007
SHITOMASI,13.6312,1889,FREAK,63.7007,1661,7.93872,12.0493,13.1241,85.2706,0008
SHITOMASI,13.6222,1917,FREAK,64.0301,1658,8.34051,11.2348,13.0241,85.9928,0009
SHITOMASI,13.508,1874,FREAK,64.8533,1689,8.0948,13.2947,11.1746,86.4561,0010
SHITOMASI,13.7462,1912,FREAK,63.7086,1643,8.27321,11.4787,12.8086,85.7281,0011
SHITOMASI,13.7044,1930,FREAK,63.9438,1693,8.50978,11.6118,8.95978,86.158,0012
SHITOMASI,13.5437,1881,FREAK,64.4378,1700,9.17396,11.9459,9.96439,87.1554,0013
SHITOMASI,13.747,1886,FREAK,65.5113,1678,9.10219,12.1906,9.59863,88.3605,0014
SHITOMASI,13.6343,1957,FREAK,65.0884,1682,8.75893,11.6886,8.57352,87.4816,0015
SHITOMASI,13.5933,1888,FREAK,61.7361,1747,9.46402,10.7084,9.51617,84.7935,0016
SHITOMASI,13.6052,1919,FREAK,61.8119,1682,8.65105,10.9452,9.54658,84.0682,0017
SHITOMASI,13.8328,2057,FREAK,62.5554,1716,8.8486,10.6677,8.3988,85.2369,0018
SHITOMASI,13.5506,1759,SIFT,25.59,1723,12.2875,14.0745,12.5156,51.4281,0001
SHITOMASI,13.7029,1820,SIFT,25.8644,1759,11.6306,14.1511,12.6142,51.1979,0002
SHITOMASI,13.5707,1850,SIFT,25.9977,1820,12.3633,24.8962,14.091,51.9316,0003
SHITOMASI,13.4513,1828,SIFT,25.8063,1850,12.1488,14.7882,16.6894,51.4065,0004
SHITOMASI,14.1774,1806,SIFT,26.904,1828,11.7979,12.3969,15.9082,52.8793,0005
SHITOMASI,16.2457,1877,SIFT,25.5727,1806,12.2428,14.1323,12.6787,54.0613,0006
SHITOMASI,13.8284,1894,SIFT,26.3661,1877,12.087,14.3817,11.9844,52.2815,0007
SHITOMASI,13.7123,1889,SIFT,26.0691,1894,12.9335,12.3243,13.1241,52.715,0008
SHITOMASI,13.5178,1917,SIFT,24.6611,1889,13.8565,11.6421,13.0241,52.0353,0009
SHITOMASI,14.3854,1874,SIFT,33.0752,1917,12.5554,14.8242,11.1746,60.0161,0010
SHITOMASI,13.7907,1912,SIFT,26.2587,1874,12.8353,12.1343,12.8086,52.8847,0011
SHITOMASI,13.4942,1930,SIFT,27.2524,1912,13.1674,11.4355,8.95978,53.914,0012
SHITOMASI,15.9413,1881,SIFT,26.509,1930,12.6374,11.4456,9.96439,55.0878,0013
SHITOMASI,13.6608,1886,SIFT,25.685,1881,12.28,11.2238,9.59863,51.6257,0014
SHITOMASI,13.7183,1957,SIFT,26.2648,1886,13.141,12.7582,8.57352,53.124,0015
SHITOMASI,14.4955,1888,SIFT,25.0906,1957,12.0284,11.7993,9.51617,51.6145,0016
SHITOMASI,13.8139,1919,SIFT,26.1626,1888,13.1391,10.8657,9.54658,53.1157,0017
SHITOMASI,14.5613,2057,SIFT,32.3381,1919,14.1243,7.59881,8.3988,61.0237,0018
HARRIS,22.5783,209,BRIEF,2.0512,113,0.391014,-inf,12.5156,25.0205,0001
HARRIS,16.8581,114,BRIEF,1.54553,202,0.373311,63.8475,12.6142,18.777,0002
HARRIS,21.8128,178,BRIEF,1.85665,113,0.330175,-11.4731,14.091,23.9996,0003
HARRIS,16.6703,250,BRIEF,1.88557,172,0.397821,10.9782,16.6894,18.9537,0004
HARRIS,16.4974,241,BRIEF,1.78496,239,0.437523,35.3833,15.9082,18.7198,0005
HARRIS,18.5045,259,BRIEF,1.90735,226,0.514288,15.2483,12.6787,20.9261,0006
HARRIS,21.2146,272,BRIEF,2.03388,242,0.536524,14.2744,11.9844,23.785,0007
HARRIS,14.992,193,BRIEF,1.6706,259,0.485292,17.6204,13.1241,17.1479,0008
HARRIS,13.8057,129,BRIEF,1.45032,186,0.359067,3.93864,13.0241,15.6151,0009
HARRIS,19.036,248,BRIEF,1.86765,127,0.440132,20.5862,11.1746,21.3438,0010
HARRIS,14.2016,147,BRIEF,1.4492,238,0.398914,11.1552,12.8086,16.0497,0011
HARRIS,17.1488,168,BRIEF,1.62787,144,0.363569,-inf,8.95978,19.1402,0012
HARRIS,14.8343,181,BRIEF,1.65789,161,0.348718,13.4327,9.96439,16.8409,0013
HARRIS,16.7241,144,BRIEF,1.51552,179,0.390783,5.66097,9.59863,18.6304,0014
HARRIS,17.217,243,BRIEF,1.79899,142,0.360249,-13.6263,8.57352,19.3762,0015
HARRIS,16.0737,213,BRIEF,1.7494,233,0.4535,6.7641,9.51617,18.2766,0016
HARRIS,15.7541,126,BRIEF,1.42583,202,0.361281,12.5848,9.54658,17.5412,0017
HARRIS,14.9301,158,BRIEF,1.55037,120,0.362034,12.8381,8.3988,16.8425,0018
HARRIS,15.9868,209,ORB,6.38597,112,0.398296,-inf,12.5156,22.7711,0001
HARRIS,13.6031,114,ORB,6.17539,202,0.370543,63.8475,12.6142,20.149,0002
HARRIS,17.6107,178,ORB,6.29873,111,0.36382,-11.4731,14.091,24.2732,0003
HARRIS,16.8579,250,ORB,6.40911,171,0.391329,10.9782,16.6894,23.6583,0004
HARRIS,16.4947,241,ORB,6.47013,238,0.49665,13.6432,15.9082,23.4615,0005
HARRIS,16.9855,259,ORB,6.41664,224,0.450262,nan,12.6787,23.8524,0006
HARRIS,18.0135,272,ORB,6.42093,241,0.443884,13.497,11.9844,24.8783,0007
HARRIS,14.9611,193,ORB,6.34429,257,0.4794,17.6204,13.1241,21.7848,0008
HARRIS,13.867,129,ORB,6.1769,185,0.337364,3.93864,13.0241,20.3813,0009
HARRIS,17.2237,248,ORB,6.42677,127,0.398394,-inf,11.1746,24.0488,0010
HARRIS,14.2105,147,ORB,6.22288,238,0.446524,11.6702,12.8086,20.8799,0011
HARRIS,17.422,168,ORB,6.47274,143,0.337517,11.6948,8.95978,24.2323,0012
HARRIS,14.7204,181,ORB,6.2837,161,0.319758,13.4327,9.96439,21.3239,0013
HARRIS,17.6985,144,ORB,6.45822,178,0.381811,6.06984,9.59863,24.5385,0014
HARRIS,20.2819,243,ORB,6.47999,141,0.35201,-inf,8.57352,27.1139,0015
HARRIS,19.5951,213,ORB,6.40255,228,0.402924,6.71705,9.51617,26.4006,0016
HARRIS,17.7051,126,ORB,6.28768,201,0.326224,12.5848,9.54658,24.319,0017
HARRIS,17.2358,158,ORB,6.28381,120,0.313998,-inf,8.3988,23.8336,0018
HARRIS,20.6451,209,FREAK,48.7202,113,0.364625,9.74953,12.5156,69.7299,0001
HARRIS,16.7365,114,FREAK,47.8222,203,0.375331,18.2178,12.6142,64.934,0002
HARRIS,18.6038,178,FREAK,51.533,113,0.334624,-11.4731,14.091,70.4714,0003
HARRIS,20.2708,250,FREAK,49.3739,173,0.413326,12.1284,16.6894,70.0581,0004
HARRIS,19.4741,241,FREAK,48.7315,241,0.498849,-192.17,15.9082,68.7045,0005
HARRIS,25.5729,259,FREAK,60.8953,228,1.00715,15.2483,12.6787,87.4753,0006
HARRIS,25.9389,272,FREAK,61.2557,247,0.602234,13.342,11.9844,87.7969,0007
HARRIS,23.4313,193,FREAK,60.9768,262,2.79147,12.9162,13.1241,87.1996,0008
HARRIS,22.4274,129,FREAK,64.0115,187,0.445124,0.136149,13.0241,86.884,0009
HARRIS,24.9933,248,FREAK,60.8593,127,0.401378,10.2931,11.1746,86.254,0010
HARRIS,17.7857,147,FREAK,48.1041,240,0.475314,11.0967,12.8086,66.365,0011
HARRIS,17.6381,168,FREAK,48.5042,144,0.442972,-inf,8.95978,66.5853,0012
HARRIS,28.7712,181,FREAK,49.3984,161,0.424866,13.4095,9.96439,78.5945,0013
HARRIS,17.0613,144,FREAK,48.0127,179,0.415403,12.288,9.59863,65.4894,0014
HARRIS,20.1468,243,FREAK,49.2268,144,0.417902,-12.4873,8.57352,69.7915,0015
HARRIS,15.8871,213,FREAK,47.6582,234,0.465724,6.65726,9.51617,64.011,0016
HARRIS,14.7951,126,FREAK,46.4979,205,0.440601,11.7964,9.54658,61.7336,0017
HARRIS,14.0598,158,FREAK,46.7147,120,0.309474,25.6763,8.3988,61.0839,0018
HARRIS,18.862,209,SIFT,18.7406,115,0.844499,-inf,12.5156,38.4471,0001
HARRIS,21.0503,114,SIFT,21.7484,209,0.417519,63.8475,12.6142,43.2162,0002
HARRIS,22.0025,178,SIFT,22.9628,114,0.404174,-11.4731,14.091,45.3695,0003
HARRIS,25.6857,250,SIFT,23.5355,178,0.535393,10.9782,16.6894,49.7566,0004
HARRIS,25.5384,241,SIFT,23.0519,250,0.688904,19.4967,15.9082,49.2792,0005
HARRIS,26.3532,259,SIFT,23.129,241,0.932034,nan,12.6787,50.4143,0006
HARRIS,26.6139,272,SIFT,24.5581,259,0.66947,13.497,11.9844,51.8415,0007
HARRIS,22.8288,193,SIFT,23.7037,272,0.57169,17.6204,13.1241,47.1042,0008
HARRIS,17.1083,129,SIFT,17.8344,193,0.471111,3.93864,13.0241,35.4138,0009
HARRIS,21.3361,248,SIFT,18.9929,129,0.475874,20.5862,11.1746,40.8049,0010
HARRIS,17.8127,147,SIFT,18.9366,248,0.494317,11.7414,12.8086,37.2436,0011
HARRIS,17.7279,168,SIFT,18.3747,147,0.457845,12.245,8.95978,36.5605,0012
HARRIS,18.1809,181,SIFT,18.3331,168,1.27435,13.4327,9.96439,37.7884,0013
HARRIS,18.0104,144,SIFT,19.7884,181,0.386925,5.66097,9.59863,38.1857,0014
HARRIS,20.3216,243,SIFT,18.8178,144,0.48584,-13.6263,8.57352,39.6252,0015
HARRIS,16.1564,213,SIFT,18.8707,243,0.527325,6.60338,9.51617,35.5545,0016
HARRIS,14.9882,126,SIFT,18.4308,213,0.428402,12.6612,9.54658,33.8473,0017
HARRIS,16.0528,158,SIFT,18.2245,126,0.394115,-inf,8.3988,34.6715,0018
FAST,1.55087,1898,BRIEF,8.33912,1729,8.67775,10.7101,12.5156,18.5677,0001
FAST,1.48656,1865,BRIEF,8.25419,1771,8.2912,11.0063,12.6142,18.0319,0002
FAST,1.81655,1840,BRIEF,10.1646,1745,8.68163,14.1559,14.091,20.6627,0003
FAST,1.80992,1867,BRIEF,10.2093,1725,8.56907,14.3886,16.6894,20.5883,0004
FAST,1.74229,1876,BRIEF,10.9056,1736,7.60152,20.0387,15.9082,20.2494,0005
FAST,1.74891,1843,BRIEF,11.0585,1732,9.91925,13.293,12.6787,22.7267,0006
FAST,1.73438,1829,BRIEF,10.4782,1707,8.61823,12.2182,11.9844,20.8308,0007
FAST,1.53411,1843,BRIEF,8.10552,1675,7.71514,12.7596,13.1241,17.3548,0008
FAST,1.49486,1818,BRIEF,7.98571,1690,8.12185,12.6,13.0241,17.6024,0009
FAST,1.51235,1879,BRIEF,8.26251,1665,8.33619,13.4681,11.1746,18.111,0010
FAST,1.45916,1849,BRIEF,8.1108,1714,8.38197,13.7533,12.8086,17.9519,0011
FAST,1.52693,1826,BRIEF,8.01413,1705,7.85817,10.974,8.95978,17.3992,0012
FAST,1.49425,1842,BRIEF,8.36162,1668,7.94667,12.3343,9.96439,17.8025,0013
FAST,1.55194,1833,BRIEF,7.9911,1688,8.00013,11.2431,9.59863,17.5432,0014
FAST,1.57423,1921,BRIEF,8.37259,1677,8.54246,11.8747,8.57352,18.4893,0015
FAST,1.54226,1934,BRIEF,8.46303,1752,9.52922,11.8398,9.51617,19.5345,0016
FAST,1.55424,1946,BRIEF,8.40303,1762,8.0639,7.92013,9.54658,18.0212,0017
FAST,1.4933,1961,BRIEF,8.48909,1763,8.02357,11.554,8.3988,18.006,0018
FAST,1.46721,1898,ORB,9.54457,1716,7.79944,11.0544,12.5156,18.8112,0001
FAST,1.51278,1865,ORB,9.49256,1759,8.50386,10.6351,12.6142,19.5092,0002
FAST,1.46678,1840,ORB,9.43312,1728,8.23084,13.4008,14.091,19.1307,0003
FAST,1.47233,1867,ORB,9.37599,1711,8.14187,12.7877,16.6894,18.9902,0004
FAST,1.41744,1876,ORB,9.45115,1723,8.15873,18.0923,15.9082,19.0273,0005
FAST,1.48123,1843,ORB,9.41589,1710,8.15193,12.9892,12.6787,19.049,0006
FAST,1.48666,1829,ORB,9.23165,1684,8.02413,12.4642,11.9844,18.7424,0007
FAST,1.46087,1843,ORB,9.35073,1660,7.57467,11.3522,13.1241,18.3863,0008
FAST,1.51342,1818,ORB,9.20715,1678,7.57473,12.1119,13.0241,18.2953,0009
FAST,1.64865,1879,ORB,9.61682,1652,7.21354,13.4169,11.1746,18.479,0010
FAST,1.4196,1849,ORB,9.35241,1699,7.79461,13.1,12.8086,18.5666,0011
FAST,1.55324,1826,ORB,9.30616,1687,7.85114,10.4239,8.95978,18.7105,0012
FAST,1.50635,1842,ORB,9.38083,1645,7.87553,12.0462,9.96439,18.7627,0013
FAST,1.54829,1833,ORB,9.37551,1659,7.70853,11.0103,9.59863,18.6323,0014
FAST,1.59597,1921,ORB,9.80079,1647,7.58255,11.4079,8.57352,18.9793,0015
FAST,1.50304,1934,ORB,9.62782,1722,8.39302,11.6,9.51617,19.5239,0016
FAST,1.5803,1946,ORB,9.41386,1736,8.51146,7.57979,9.54658,19.5056,0017
FAST,1.59875,1961,ORB,9.62646,1740,8.35091,10.5903,8.3988,19.5761,0018
FAST,1.60494,1898,FREAK,63.961,1749,9.32226,12.3,12.5156,74.8882,0001
FAST,1.47921,1865,FREAK,63.6088,1791,9.86487,14.2376,12.6142,74.9529,0002
FAST,1.48521,1840,FREAK,63.6842,1766,9.82565,14.4553,14.091,74.995,0003
FAST,1.45134,1867,FREAK,64.888,1742,11.636,14.0766,16.6894,77.9753,0004
FAST,1.5125,1876,FREAK,63.7393,1755,9.45455,14.4739,15.9082,74.7064,0005
FAST,1.52098,1843,FREAK,63.5136,1757,8.88597,12.435,12.6787,73.9205,0006
FAST,1.508,1829,FREAK,64.3463,1732,9.11636,13.4674,11.9844,74.9707,0007
FAST,1.5481,1843,FREAK,63.7438,1699,9.263,11.819,13.1241,74.5549,0008
FAST,1.89342,1818,FREAK,78.6106,1711,9.46623,12.8498,13.0241,89.9703,0009
FAST,2.00828,1879,FREAK,80.1196,1686,10.2613,13.4169,11.1746,92.3891,0010
FAST,1.75569,1849,FREAK,79.4461,1733,9.64497,13.1788,12.8086,90.8467,0011
FAST,1.8051,1826,FREAK,78.8791,1736,9.85344,11.5256,8.95978,90.5376,0012
FAST,1.82663,1842,FREAK,75.9573,1697,9.84814,11.7063,9.96439,87.6321,0013
FAST,1.54599,1833,FREAK,62.1235,1719,9.60392,11.4,9.59863,73.2734,0014
FAST,1.50906,1921,FREAK,60.8672,1706,9.30366,11.3869,8.57352,71.6799,0015
FAST,1.55377,1934,FREAK,60.5576,1789,8.81691,12.305,9.51617,70.9283,0016
FAST,1.60874,1946,FREAK,62.5859,1795,10.2499,8.61022,9.54658,74.4445,0017
FAST,1.50692,1961,FREAK,60.8825,1785,9.70769,11.5066,8.3988,72.0971,0018
FAST,1.52609,1898,SIFT,35.3807,1864,11.5511,11.3112,12.5156,48.4579,0001
FAST,1.58187,1865,SIFT,34.7165,1898,10.7352,10.5966,12.6142,47.0336,0002
FAST,1.50147,1840,SIFT,35.6049,1865,12.9613,18.0466,14.091,50.0677,0003
FAST,1.49737,1867,SIFT,36.6771,1840,11.4273,13.2296,16.6894,49.6018,0004
FAST,1.53036,1876,SIFT,34.0281,1867,11.0297,-inf,15.9082,46.5882,0005
FAST,1.52117,1843,SIFT,33.8793,1876,11.3304,13.0669,12.6787,46.7308,0006
FAST,1.50585,1829,SIFT,36.9228,1843,12.2851,11.9908,11.9844,50.7138,0007
FAST,1.50959,1843,SIFT,35.257,1829,11.6435,12.313,13.1241,48.4101,0008
FAST,1.56075,1818,SIFT,34.8211,1843,11.4731,13.4079,13.0241,47.855,0009
FAST,1.50831,1879,SIFT,34.9323,1818,11.5003,13.1229,11.1746,47.9409,0010
FAST,1.52064,1849,SIFT,34.7566,1879,11.6555,15.078,12.8086,47.9327,0011
FAST,1.51763,1826,SIFT,34.9506,1849,11.6593,11.0967,8.95978,48.1275,0012
FAST,1.61455,1842,SIFT,36.394,1826,11.2423,12.2321,9.96439,49.2508,0013
FAST,1.4707,1833,SIFT,38.3934,1842,11.8493,11.362,9.59863,51.7133,0014
FAST,1.5904,1921,SIFT,35.2454,1833,11.573,10.9421,8.57352,48.4087,0015
FAST,1.48065,1934,SIFT,35.257,1921,12.9767,12.1039,9.51617,49.7143,0016
FAST,1.58263,1946,SIFT,36.3777,1934,12.7167,7.47235,9.54658,50.677,0017
FAST,1.53835,1961,SIFT,35.8336,1946,12.7505,11.3227,8.3988,50.1225,0018
BRISK,135.269,2997,BRIEF,13.7643,2871,20.9824,13.7088,12.5156,170.015,0001
BRISK,134.715,2974,BRIEF,13.6417,2970,21.1293,18.2946,12.6142,169.486,0002
BRISK,134.544,2952,BRIEF,13.6206,2952,21.4005,12.4078,14.091,169.565,0003
BRISK,132.992,2855,BRIEF,13.0795,2922,20.6961,19.8619,16.6894,166.768,0004
BRISK,133.823,2907,BRIEF,13.3446,2826,19.9048,27.574,15.9082,167.072,0005
BRISK,133.728,2886,BRIEF,13.3217,2875,20.0982,17.9553,12.6787,167.148,0006
BRISK,134.397,2886,BRIEF,13.2439,2856,18.9446,17.7352,11.9844,166.585,0007
BRISK,135.682,2893,BRIEF,13.3465,2849,19.9653,18.3888,13.1241,168.993,0008
BRISK,149.903,2929,BRIEF,13.967,2868,18.7115,14.9776,13.0241,182.582,0009
BRISK,139.081,3023,BRIEF,14.4419,2903,18.8198,12.0463,11.1746,172.343,0010
BRISK,136.211,3013,BRIEF,13.8749,2989,21.0515,11.5388,12.8086,171.138,0011
BRISK,137.536,2949,BRIEF,13.7607,2977,20.9621,14.3096,8.95978,172.258,0012
BRISK,137.497,3013,BRIEF,13.7911,2906,21.1343,12.8984,9.96439,172.422,0013
BRISK,140.559,3023,BRIEF,14.6969,2971,23.6682,10.317,9.59863,178.924,0014
BRISK,203.875,3073,BRIEF,17.4108,2984,23.5842,11.0965,8.57352,244.87,0015
BRISK,207.755,3130,BRIEF,17.8436,3023,23.0168,13.0233,9.51617,248.615,0016
BRISK,205.892,3136,BRIEF,17.6231,3080,23.8359,11.0728,9.54658,247.351,0017
BRISK,204.857,3146,BRIEF,17.7589,3098,24.2998,9.60224,8.3988,246.916,0018
BRISK,136.266,2997,ORB,26.0464,2860,20.8707,13.8234,12.5156,183.184,0001
BRISK,108.544,2974,ORB,26.1861,2955,20.3521,14.8451,12.6142,155.083,0002
BRISK,111.034,2952,ORB,25.5397,2933,20.027,13.4457,14.091,156.6,0003
BRISK,109.726,2855,ORB,25.4707,2908,19.7543,19.9345,16.6894,154.951,0004
BRISK,133.621,2907,ORB,31.2901,2811,21.984,20.2689,15.9082,186.895,0005
BRISK,133.478,2886,ORB,31.6944,2854,21.4096,15.5845,12.6787,186.582,0006
BRISK,174.697,2886,ORB,30.9628,2829,21.274,19.0195,11.9844,226.934,0007
BRISK,159.816,2893,ORB,31.6819,2832,21.5565,15.4934,13.1241,213.054,0008
BRISK,147.813,2929,ORB,25.5551,2854,19.4377,12.5557,13.0241,192.806,0009
BRISK,134.719,3023,ORB,25.4665,2887,21.1927,12.5472,11.1746,181.378,0010
BRISK,135.325,3013,ORB,26.0001,2974,21.665,12.6549,12.8086,182.99,0011
BRISK,134.777,2949,ORB,25.4494,2955,19.8617,11.3348,8.95978,180.088,0012
BRISK,136.714,3013,ORB,25.8123,2883,19.3887,11.4355,9.96439,181.915,0013
BRISK,136.441,3023,ORB,25.9519,2943,20.3075,10.7615,9.59863,182.7,0014
BRISK,137.161,3073,ORB,25.671,2955,20.9049,13.0574,8.57352,183.737,0015
BRISK,138.574,3130,ORB,26.2335,2997,21.5738,10.1712,9.51617,186.382,0016
BRISK,139.586,3136,ORB,26.1795,3050,21.8912,9.66681,9.54658,187.657,0017
BRISK,140.211,3146,ORB,26.2697,3077,22.1667,10.3853,8.3988,188.647,0018
BRISK,109.663,2997,FREAK,72.8884,2400,17.1888,14.0524,12.5156,199.74,0001
BRISK,108.638,2974,FREAK,71.6668,2465,17.6274,22.3027,12.6142,197.932,0002
BRISK,132.555,2952,FREAK,87.6402,2471,19.2806,15.4384,14.091,239.476,0003
BRISK,132.099,2855,FREAK,86.9505,2466,18.6782,13.5966,16.6894,237.727,0004
BRISK,134.502,2907,FREAK,87.413,2393,18.7352,24.9991,15.9082,240.65,0005
BRISK,137.13,2886,FREAK,87.4372,2451,18.8809,14.1783,12.6787,243.449,0006
BRISK,149.919,2886,FREAK,67.0274,2428,17.9515,14.3633,11.9844,234.898,0007
BRISK,130.396,2893,FREAK,66.6458,2416,16.5157,17.0617,13.1241,213.558,0008
BRISK,148.602,2929,FREAK,66.6348,2403,17.4792,18.1064,13.0241,232.716,0009
BRISK,138.193,3023,FREAK,67.3372,2432,24.6869,13.5649,11.1746,230.217,0010
BRISK,137.484,3013,FREAK,67.1658,2486,16.7777,12.1424,12.8086,221.427,0011
BRISK,137.826,2949,FREAK,69.1084,2443,16.9903,12.6028,8.95978,223.925,0012
BRISK,136.63,3013,FREAK,67.6108,2398,16.9079,12.3649,9.96439,221.149,0013
BRISK,136.494,3023,FREAK,67.2135,2435,16.8226,11.5903,9.59863,220.53,0014
BRISK,151.714,3073,FREAK,67.5903,2444,17.6447,12.3993,8.57352,236.949,0015
BRISK,177.675,3130,FREAK,74.5943,2498,18.1756,10.1257,9.51617,270.445,0016
BRISK,186.364,3136,FREAK,69.4421,2563,18.7454,8.84666,9.54658,274.551,0017
BRISK,184.297,3146,FREAK,69.3169,2569,18.618,10.6055,8.3988,272.232,0018
BRISK,107.528,2997,SIFT,84.0345,2896,27.9489,15.3532,12.5156,219.512,0001
BRISK,108.012,2974,SIFT,82.7264,2997,28.6583,15.5834,12.6142,219.397,0002
BRISK,105.883,2952,SIFT,82.8463,2974,28.1198,18.0824,14.091,216.849,0003
BRISK,107.188,2855,SIFT,81.0221,2952,27.0078,17.0824,16.6894,215.217,0004
BRISK,106.949,2907,SIFT,82.0455,2855,26.7904,31.6084,15.9082,215.785,0005
BRISK,110.481,2886,SIFT,88.0125,2907,27.083,17.5157,12.6787,225.576,0006
BRISK,107.666,2886,SIFT,84.4359,2886,27.0896,13.9645,11.9844,219.192,0007
BRISK,108.597,2893,SIFT,81.1937,2886,27.2233,13.917,13.1241,217.014,0008
BRISK,110.391,2929,SIFT,85.4673,2893,27.2914,16.6075,13.0241,223.15,0009
BRISK,109.577,3023,SIFT,82.4133,2929,28.3859,12.8555,11.1746,220.376,0010
BRISK,111.679,3013,SIFT,85.4965,3023,29.1228,13.8038,12.8086,226.298,0011
BRISK,109.348,2949,SIFT,81.6519,3013,28.3361,11.5971,8.95978,219.336,0012
BRISK,110.65,3013,SIFT,80.9917,2949,26.6882,12.1179,9.96439,218.33,0013
BRISK,109.788,3023,SIFT,82.877,3013,29.4557,10.5202,9.59863,222.121,0014
BRISK,112.02,3073,SIFT,82.3407,3023,29.8552,13.1778,8.57352,224.216,0015
BRISK,111.953,3130,SIFT,85.5733,3073,30.6409,8.8011,9.51617,228.168,0016
BRISK,114.185,3136,SIFT,88.8023,3130,31.2609,10.8727,9.54658,234.248,0017
BRISK,112.33,3146,SIFT,88.1068,3136,31.6227,9.63969,8.3988,232.059,0018
ORB,11.0007,500,BRIEF,3.16953,500,1.05516,16.4808,12.5156,15.2254,0001
ORB,11.3202,500,BRIEF,3.08025,500,1.07052,16.969,12.6142,15.4709,0002
ORB,11.3001,500,BRIEF,3.18621,500,1.1854,30.925,14.091,15.6717,0003
ORB,11.4477,500,BRIEF,3.14838,500,1.06912,25.2172,16.6894,15.6652,0004
ORB,11.024,500,BRIEF,3.09344,500,1.04487,25.429,15.9082,15.1624,0005
ORB,11.4839,500,BRIEF,3.20248,500,1.08391,18.2578,12.6787,15.7703,0006
ORB,11.7083,500,BRIEF,3.14036,500,1.04525,40.0236,11.9844,15.8939,0007
ORB,11.4952,500,BRIEF,3.15459,500,1.02909,31.8478,13.1241,15.6788,0008
ORB,11.9224,500,BRIEF,2.97528,500,0.996304,271.325,13.0241,15.894,0009
ORB,11.8315,500,BRIEF,3.14316,500,1.05044,15.4348,11.1746,16.0251,0010
ORB,11.5855,500,BRIEF,3.21088,500,1.03081,10.4394,12.8086,15.8272,0011
ORB,12.0734,500,BRIEF,3.37311,500,1.08883,16.6093,8.95978,16.5353,0012
ORB,12.0309,500,BRIEF,3.31131,500,1.12628,10.7998,9.96439,16.4685,0013
ORB,11.6988,500,BRIEF,3.14525,500,1.07961,8.40597,9.59863,15.9237,0014
ORB,11.1978,500,BRIEF,3.08905,500,0.959707,10.5289,8.57352,15.2466,0015
ORB,11.3526,500,BRIEF,3.11172,500,1.06255,13.4955,9.51617,15.5268,0016
ORB,11.4684,500,BRIEF,3.20581,500,1.07288,17.2956,9.54658,15.7471,0017
ORB,12.2651,500,BRIEF,3.26158,500,1.15176,13.275,8.3988,16.6784,0018
ORB,13.625,500,ORB,26.4993,500,1.48128,24.7809,12.5156,41.6056,0001
ORB,13.5987,500,ORB,26.4164,500,1.20079,10.126,12.6142,41.2159,0002
ORB,13.3452,500,ORB,26.4345,500,1.16494,18.5308,14.091,40.9447,0003
ORB,13.6501,500,ORB,26.5663,500,1.42928,26.6829,16.6894,41.6456,0004
ORB,13.6799,500,ORB,26.7085,500,1.24361,25.7718,15.9082,41.632,0005
ORB,12.1469,500,ORB,21.9621,500,1.03426,10.7829,12.6787,35.1433,0006
ORB,11.1238,500,ORB,22.2174,500,1.00675,41.874,11.9844,34.348,0007
ORB,11.4025,500,ORB,22.5184,500,1.23054,10.9114,13.1241,35.1515,0008
ORB,13.2657,500,ORB,22.2839,500,1.04396,18.651,13.0241,36.5936,0009
ORB,11.5211,500,ORB,21.6759,500,1.30006,16.6469,11.1746,34.497,0010
ORB,12.0475,500,ORB,22.1955,500,1.40965,8.48098,12.8086,35.6527,0011
ORB,11.2112,500,ORB,21.9533,500,1.0227,30.9371,8.95978,34.1872,0012
ORB,11.8102,500,ORB,21.91,500,1.15843,9.26406,9.96439,34.8786,0013
ORB,11.0682,500,ORB,21.0555,500,0.970294,9.5359,9.59863,33.094,0014
ORB,11.7176,500,ORB,21.8468,500,1.13518,12.9444,8.57352,34.6996,0015
ORB,11.8648,500,ORB,22.3096,500,1.18635,9.65407,9.51617,35.3608,0016
ORB,11.4373,500,ORB,22.1358,500,1.09298,25.3838,9.54658,34.6661,0017
ORB,12.371,500,ORB,22.5266,500,1.14501,21.8102,8.3988,36.0426,0018
ORB,11.0447,500,FREAK,48.0659,154,0.408701,11.9371,12.5156,59.5193,0001
ORB,11.3492,500,FREAK,48.0409,156,0.431999,25.2016,12.6142,59.8221,0002
ORB,11.0494,500,FREAK,48.1713,175,0.408468,17.7441,14.091,59.6292,0003
ORB,11.4913,500,FREAK,48.1142,173,0.452763,11.2797,16.6894,60.0583,0004
ORB,11.1533,500,FREAK,47.7626,162,0.445533,52.139,15.9082,59.3614,0005
ORB,11.4477,500,FREAK,47.9647,173,0.378534,35.7942,12.6787,59.7909,0006
ORB,11.8278,500,FREAK,47.6928,179,0.412228,127.591,11.9844,59.9328,0007
ORB,11.9038,500,FREAK,47.9308,174,0.427194,9.38588,13.1241,60.2618,0008
ORB,11.6757,500,FREAK,48.0097,187,0.450301,13.3292,13.0241,60.1357,0009
ORB,11.9956,500,FREAK,48.2468,186,0.470262,-545.044,11.1746,60.7126,0010
ORB,11.655,500,FREAK,50.2102,190,0.429344,8.40781,12.8086,62.2946,0011
ORB,11.8807,500,FREAK,47.4495,192,0.386973,-inf,8.95978,59.7172,0012
ORB,11.6212,500,FREAK,47.4952,186,0.435128,7.03048,9.96439,59.5516,0013
ORB,11.6776,500,FREAK,48.0553,183,0.58831,55.7876,9.59863,60.3212,0014
ORB,11.7204,500,FREAK,47.706,192,0.445285,8.72363,8.57352,59.8717,0015
ORB,11.6167,500,FREAK,47.6396,186,0.424644,11.1021,9.51617,59.6809,0016
ORB,11.8709,500,FREAK,47.6266,185,0.448912,-inf,9.54658,59.9465,0017
ORB,11.8216,500,FREAK,47.5545,188,0.448986,24.1855,8.3988,59.8251,0018
ORB,12.0273,500,SIFT,64.3759,500,2.04165,27.1862,12.5156,78.4449,0001
ORB,11.2705,500,SIFT,54.6915,500,1.59141,13.5068,12.6142,67.5534,0002
ORB,10.9237,500,SIFT,52.6697,500,1.43837,17.5125,14.091,65.0318,0003
ORB,11.6237,500,SIFT,52.1505,500,1.5182,185.888,16.6894,65.2924,0004
ORB,11.3856,500,SIFT,51.8883,500,1.30509,596.745,15.9082,64.579,0005
ORB,11.5521,500,SIFT,52.7967,500,1.23249,12.8725,12.6787,65.5812,0006
ORB,11.5191,500,SIFT,53.4945,500,1.62836,42.1347,11.9844,66.642,0007
ORB,11.5857,500,SIFT,52.1854,500,1.75623,9.69817,13.1241,65.5273,0008
ORB,11.676,500,SIFT,52.2898,500,1.28627,2.59999e+06,13.0241,65.2521,0009
ORB,12.0424,500,SIFT,54.7449,500,1.30617,11.5516,11.1746,68.0935,0010
ORB,11.8944,500,SIFT,55.4399,500,1.29038,7.78781,12.8086,68.6247,0011
ORB,11.3215,500,SIFT,58.8709,500,1.27538,-inf,8.95978,71.4678,0012
ORB,11.651,500,SIFT,49.8798,500,1.70038,13.3028,9.96439,63.2311,0013
ORB,11.9116,500,SIFT,53.4133,500,1.70223,13.729,9.59863,67.0272,0014
ORB,11.681,500,SIFT,52.2914,500,1.30875,15.5232,8.57352,65.2811,0015
ORB,11.6236,500,SIFT,52.4611,500,1.31815,9.76932,9.51617,65.4028,0016
ORB,11.8593,500,SIFT,54.6005,500,1.33386,17.4675,9.54658,67.7937,0017
ORB,11.9348,500,SIFT,53.2531,500,1.25927,23.3647,8.3988,66.4472,0018
SIFT,125.501,1915,BRIEF,10.1241,1709,7.35793,12.0691,12.5156,142.983,0001
SIFT,140.568,1824,BRIEF,9.61641,1700,10.5267,12.6771,12.6142,160.712,0002
SIFT,122.546,1837,BRIEF,9.81186,1635,7.3671,13.9147,14.091,139.725,0003
SIFT,130.639,1828,BRIEF,9.68189,1660,7.05636,21.5633,16.6894,147.377,0004
SIFT,106.961,1877,BRIEF,8.12092,1655,6.76098,14.1642,15.9082,121.843,0005
SIFT,126.809,1931,BRIEF,10.066,1686,7.12676,11.063,12.6787,144.002,0006
SIFT,123.266,1964,BRIEF,10.2077,1707,7.6442,13.132,11.9844,141.117,0007
SIFT,123.177,1954,BRIEF,10.4954,1741,8.44721,16.1715,13.1241,142.12,0008
SIFT,149.119,1984,BRIEF,10.2067,1731,8.62256,13.2586,13.0241,167.948,0009
SIFT,142.029,2046,BRIEF,10.4561,1750,8.95798,10.3307,11.1746,161.443,0010
SIFT,121.52,2065,BRIEF,10.7264,1775,8.31183,12.0447,12.8086,140.558,0011
SIFT,124.005,2007,BRIEF,10.462,1848,8.28337,9.75512,8.95978,142.75,0012
SIFT,119.956,2030,BRIEF,10.5393,1779,8.19211,9.60401,9.96439,138.688,0013
SIFT,120.146,2048,BRIEF,10.5962,1807,8.55574,9.35294,9.59863,139.298,0014
SIFT,121.304,2044,BRIEF,10.6416,1815,9.08784,8.92268,8.57352,141.034,0015
SIFT,123.71,2086,BRIEF,10.7955,1829,8.99546,8.86645,9.51617,143.501,0016
SIFT,123.237,2094,BRIEF,10.8385,1850,9.14717,8.61572,9.54658,143.222,0017
SIFT,123.805,2159,BRIEF,11.161,1844,9.77359,9.41321,8.3988,144.739,0018
SIFT,120.018,1915,FREAK,74.6394,1706,9.7575,11.5799,12.5156,204.415,0001
SIFT,134.581,1824,FREAK,73.6911,1709,10.2347,13.0746,12.6142,218.507,0002
SIFT,117.915,1837,FREAK,74.2663,1647,9.80951,12.9336,14.091,201.991,0003
SIFT,123.105,1828,FREAK,73.6556,1668,12.5915,19.6959,16.6894,209.352,0004
SIFT,125.359,1877,FREAK,75.9175,1659,8.83217,13.5617,15.9082,210.109,0005
SIFT,125.059,1931,FREAK,75.0244,1686,10.0573,11.0117,12.6787,210.14,0006
SIFT,129.165,1964,FREAK,75.2901,1723,10.1973,14.3186,11.9844,214.653,0007
SIFT,125.38,1954,FREAK,75.566,1745,10.2166,12.6281,13.1241,211.163,0008
SIFT,122.256,1984,FREAK,83.0103,1743,10.4242,15.2314,13.0241,215.691,0009
SIFT,130.275,2046,FREAK,75.3906,1761,10.2668,9.8726,11.1746,215.932,0010
SIFT,124.008,2065,FREAK,77.1311,1782,10.9069,11.2887,12.8086,212.046,0011
SIFT,122.052,2007,FREAK,75.5039,1856,11.9874,10.5843,8.95978,209.543,0012
SIFT,128.326,2030,FREAK,75.3608,1790,11.0475,9.13496,9.96439,214.734,0013
SIFT,119.103,2048,FREAK,75.7069,1822,11.0414,9.44163,9.59863,205.852,0014
SIFT,120.062,2044,FREAK,80.5515,1834,11.3362,9.07081,8.57352,211.949,0015
SIFT,127.961,2086,FREAK,75.9038,1856,11.0101,9.65444,9.51617,214.875,0016
SIFT,137.237,2094,FREAK,76.176,1874,11.6534,8.69153,9.54658,225.066,0017
SIFT,130.089,2159,FREAK,76.6515,1861,10.441,9.01258,8.3988,217.181,0018
SIFT,99.6972,1915,SIFT,95.5229,1890,13.0948,11.6591,12.5156,208.315,0001
SIFT,98.8294,1824,SIFT,97.9675,1915,12.5652,13.454,12.6142,209.362,0002
SIFT,96.9634,1837,SIFT,96.112,1824,11.6127,13.502,14.091,204.688,0003
SIFT,97.6742,1828,SIFT,95.3467,1837,11.9479,18.8355,16.6894,204.969,0004
SIFT,132.353,1877,SIFT,119.324,1828,13.0875,16.7699,15.9082,264.764,0005
SIFT,120.799,1931,SIFT,124.546,1877,13.7248,11.0807,12.6787,259.07,0006
SIFT,101.243,1964,SIFT,99.019,1931,13.1091,13.0855,11.9844,213.371,0007
SIFT,111.688,1954,SIFT,105.03,1964,13.0211,17.4456,13.1241,229.74,0008
SIFT,105.127,1984,SIFT,100.838,1954,13.1131,13.7502,13.0241,219.078,0009
SIFT,104.016,2046,SIFT,98.0847,1984,14.1403,11.9306,11.1746,216.241,0010
SIFT,101.664,2065,SIFT,98.4974,2046,14.4126,14.2475,12.8086,214.574,0011
SIFT,102.915,2007,SIFT,98.1858,2065,14.2428,11.3015,8.95978,215.344,0012
SIFT,96.8522,2030,SIFT,97.2803,2007,13.2548,8.92239,9.96439,207.387,0013
SIFT,116.318,2048,SIFT,100.654,2030,14.064,9.5125,9.59863,231.036,0014
SIFT,99.9303,2044,SIFT,98.1409,2048,19.0432,9.77476,8.57352,217.114,0015
SIFT,107.511,2086,SIFT,98.1818,2044,14.715,9.1331,9.51617,220.408,0016
SIFT,119.137,2094,SIFT,107.373,2086,15.1412,8.56019,9.54658,241.651,0017
SIFT,101.584,2159,SIFT,97.7695,2094,15.3866,9.14498,8.3988,214.74,0018
AKAZE,73.3982,1541,BRIEF,7.60867,1513,6.23364,13.3774,12.5156,87.2405,0001
AKAZE,82.1964,1529,BRIEF,7.6489,1541,6.3901,15.1976,12.6142,96.2354,0002
AKAZE,69.8657,1561,BRIEF,7.7171,1529,6.49903,13.1413,14.091,84.0818,0003
AKAZE,89.0886,1545,BRIEF,7.70164,1561,7.09131,14.5957,16.6894,103.882,0004
AKAZE,72.8601,1526,BRIEF,7.63096,1545,6.37717,15.604,15.9082,86.8682,0005
AKAZE,84.9948,1566,BRIEF,8.8396,1526,7.46126,13.6406,12.6787,101.296,0006
AKAZE,105.817,1529,BRIEF,9.30026,1566,7.69455,15.7392,11.9844,122.812,0007
AKAZE,96.8027,1547,BRIEF,9.38475,1529,7.14702,14.46,13.1241,113.334,0008
AKAZE,83.6977,1572,BRIEF,7.72489,1547,6.40552,14.1136,13.0241,97.8281,0009
AKAZE,77.6389,1567,BRIEF,7.67182,1572,6.55864,11.8964,11.1746,91.8694,0010
AKAZE,79.2618,1538,BRIEF,7.57205,1567,6.56598,13.0259,12.8086,93.3998,0011
AKAZE,86.4495,1513,BRIEF,7.47553,1538,6.16085,12.1682,8.95978,100.086,0012
AKAZE,74.8365,1538,BRIEF,7.49392,1513,6.4573,10.2485,9.96439,88.7877,0013
AKAZE,74.5973,1555,BRIEF,7.64308,1538,6.36862,10.1261,9.59863,88.609,0014
AKAZE,96.3043,1544,BRIEF,9.27276,1555,6.59667,9.39056,8.57352,112.174,0015
AKAZE,82.9439,1563,BRIEF,9.41505,1544,7.22845,10.1458,9.51617,99.5874,0016
AKAZE,96.3248,1561,BRIEF,8.26663,1563,6.70127,9.53868,9.54658,111.293,0017
AKAZE,84.033,1569,BRIEF,7.85465,1561,6.12256,9.20622,8.3988,98.0102,0018
AKAZE,81.9461,1541,ORB,17.2632,1510,6.51839,13.2771,12.5156,105.728,0001
AKAZE,78.5425,1529,ORB,16.9867,1539,10.3627,14.5743,12.6142,105.892,0002
AKAZE,85.3383,1561,ORB,17.5458,1526,8.22618,13.2589,14.091,111.11,0003
AKAZE,95.0155,1545,ORB,20.8467,1559,7.48819,14.3818,16.6894,123.35,0004
AKAZE,87.7939,1526,ORB,21.2571,1540,6.9524,15.9471,15.9082,116.003,0005
AKAZE,106.615,1566,ORB,20.5565,1522,6.03686,14.1462,12.6787,133.208,0006
AKAZE,81.3403,1529,ORB,17.4861,1558,6.03676,15.8057,11.9844,104.863,0007
AKAZE,127.334,1547,ORB,27.4734,1527,7.21032,14.2606,13.1241,162.017,0008
AKAZE,79.6262,1572,ORB,18.2785,1541,6.81875,13.4231,13.0241,104.723,0009
AKAZE,77.1984,1567,ORB,17.3641,1567,6.33027,11.4554,11.1746,100.893,0010
AKAZE,80.4512,1538,ORB,17.5562,1562,6.01365,12.329,12.8086,104.021,0011
AKAZE,88.1754,1513,ORB,16.9206,1529,6.383,11.7114,8.95978,111.479,0012
AKAZE,76.6736,1538,ORB,24.5874,1510,7.34279,10.7927,9.96439,108.604,0013
AKAZE,96.8013,1555,ORB,17.7109,1532,6.82799,10.4936,9.59863,121.34,0014
AKAZE,86.558,1544,ORB,17.5063,1547,6.27816,9.87759,8.57352,110.342,0015
AKAZE,80.0745,1563,ORB,16.9568,1534,8.20642,10.2919,9.51617,105.238,0016
AKAZE,83.5559,1561,ORB,17.1732,1553,6.87534,9.0207,9.54658,107.604,0017
AKAZE,79.57,1569,ORB,17.4651,1556,6.27912,8.78254,8.3988,103.314,0018
AKAZE,83.9537,1541,FREAK,64.23,1513,7.86823,12.773,12.5156,156.052,0001
AKAZE,72.9138,1529,FREAK,58.937,1541,7.43302,14.0761,12.6142,139.284,0002
AKAZE,79.2727,1561,FREAK,59.5244,1529,12.5491,13.8617,14.091,151.346,0003
AKAZE,75.2304,1545,FREAK,63.2033,1561,7.81968,13.9647,16.6894,146.253,0004
AKAZE,76.002,1526,FREAK,60.3947,1545,7.42769,15.0307,15.9082,143.824,0005
AKAZE,98.6162,1566,FREAK,62.2136,1526,7.89261,14.0178,12.6787,168.722,0006
AKAZE,74.4988,1529,FREAK,59.4571,1566,7.35611,15.6927,11.9844,141.312,0007
AKAZE,100.391,1547,FREAK,62.0714,1529,8.97007,14.1263,13.1241,171.433,0008
AKAZE,90.4954,1572,FREAK,64.9525,1547,8.68815,13.492,13.0241,164.136,0009
AKAZE,103.768,1567,FREAK,63.9361,1572,8.68768,11.7422,11.1746,176.392,0010
AKAZE,81.8904,1538,FREAK,59.1391,1567,7.89279,12.1539,12.8086,148.922,0011
AKAZE,80.5244,1513,FREAK,59.7353,1538,7.1953,10.8273,8.95978,147.455,0012
AKAZE,86.7231,1538,FREAK,73.1326,1513,7.57964,10.867,9.96439,167.435,0013
AKAZE,86.8695,1555,FREAK,72.6554,1538,7.92869,9.97189,9.59863,167.454,0014
AKAZE,92.9232,1544,FREAK,74.0774,1555,8.86536,9.29286,8.57352,175.866,0015
AKAZE,81.0644,1563,FREAK,76.5393,1544,8.25216,9.66433,9.51617,165.856,0016
AKAZE,88.2019,1561,FREAK,73.7885,1563,15.285,9.57175,9.54658,177.275,0017
AKAZE,87.1546,1569,FREAK,74.7879,1561,8.80262,8.9504,8.3988,170.745,0018
AKAZE,76.569,1541,SIFT,34.3297,1513,8.01234,12.5484,12.5156,118.911,0001
AKAZE,84.0941,1529,SIFT,36.6061,1541,7.91537,14.4749,12.6142,128.616,0002
AKAZE,78.3466,1561,SIFT,34.6719,1529,8.1224,13.4142,14.091,121.141,0003
AKAZE,85.8432,1545,SIFT,36.4479,1561,8.30342,14.4597,16.6894,130.595,0004
AKAZE,94.6956,1526,SIFT,34.8597,1545,7.68785,15.8694,15.9082,137.243,0005
AKAZE,85.4182,1566,SIFT,35.9134,1526,8.35424,13.7241,12.6787,129.686,0006
AKAZE,93.0587,1529,SIFT,39.7598,1566,8.23853,15.6927,11.9844,141.057,0007
AKAZE,104.343,1547,SIFT,37.2475,1529,13.3989,13.5677,13.1241,154.989,0008
AKAZE,98.1606,1572,SIFT,37.22,1547,8.32951,13.9329,13.0241,143.71,0009
AKAZE,77.3183,1567,SIFT,35.236,1572,8.23307,11.6422,11.1746,120.787,0010
AKAZE,82.7421,1538,SIFT,34.2298,1567,8.06891,12.3548,12.8086,125.041,0011
AKAZE,86.3707,1513,SIFT,35.6771,1538,7.79656,11.2516,8.95978,129.844,0012
AKAZE,85.3754,1538,SIFT,35.8997,1513,7.75085,10.958,9.96439,129.026,0013
AKAZE,77.7706,1555,SIFT,36.12,1538,8.63511,10.0729,9.59863,122.526,0014
AKAZE,85.8911,1544,SIFT,36.3995,1555,8.08935,10.5771,8.57352,130.38,0015
AKAZE,83.4645,1563,SIFT,37.9198,1544,8.9486,9.81549,9.51617,130.333,0016
AKAZE,78.4964,1561,SIFT,40.0621,1563,7.71618,9.02093,9.54658,126.275,0017
AKAZE,99.2494,1569,SIFT,35.509,1561,9.01433,8.91068,8.3988,143.773,0018
AKAZE,73.7188,1541,AKAZE,69.2608,1513,7.68678,12.4559,12.5156,150.666,0001
AKAZE,73.4567,1529,AKAZE,62.2964,1541,7.56403,14.7901,12.6142,143.317,0002
AKAZE,76.6453,1561,AKAZE,59.6977,1529,7.33659,12.949,14.091,143.68,0003
AKAZE,67.6077,1545,AKAZE,62.6668,1561,7.38994,14.6163,16.6894,137.664,0004
AKAZE,92.7345,1526,AKAZE,58.9217,1545,7.28864,16.4067,15.9082,158.945,0005
AKAZE,73.021,1566,AKAZE,66.8096,1526,6.73973,13.2509,12.6787,146.57,0006
AKAZE,76.7102,1529,AKAZE,72.6807,1566,6.93416,15.2119,11.9844,156.325,0007
AKAZE,84.4596,1547,AKAZE,68.249,1529,6.6312,14.5567,13.1241,159.34,0008
AKAZE,77.8697,1572,AKAZE,75.1968,1547,7.1859,14.1308,13.0241,160.252,0009
AKAZE,73.9862,1567,AKAZE,61.9271,1572,7.26973,11.5876,11.1746,143.183,0010
AKAZE,83.3677,1538,AKAZE,74.9503,1567,7.61133,12.1869,12.8086,165.929,0011
AKAZE,76.4751,1513,AKAZE,69.4938,1538,7.32394,11.274,8.95978,153.293,0012
AKAZE,70.4853,1538,AKAZE,60.1309,1513,6.80601,10.6701,9.96439,137.422,0013
AKAZE,73.9976,1555,AKAZE,81.8815,1538,6.89209,10.4339,9.59863,162.771,0014
AKAZE,87.7106,1544,AKAZE,69.872,1555,7.84389,10.5929,8.57352,165.427,0015
AKAZE,93.5006,1563,AKAZE,93.0015,1544,7.43961,10.0939,9.51617,193.942,0016
AKAZE,80.7697,1561,AKAZE,77.6201,1563,8.17596,9.35968,9.54658,166.566,0017
AKAZE,86.2762,1569,AKAZE,75.5366,1561,6.8525,9.00572,8.3988,168.665,0018
